image_id,craft_name,state,gi_status,source,license
kolhapuri_000.jpg,kolhapuri,Maharashtra,yes,google/bing,unknown
kolhapuri_001.jpg,kolhapuri,Maharashtra,yes,google/bing,unknown
kolhapuri_002.jpg,kolhapuri,Maharashtra,yes,google/bing,unknown
kolhapuri_003.jpg,kolhapuri,Maharashtra,yes,google/bing,unknown
kolhapuri_004.jpg,kolhapuri,Maharashtra,yes,google/bing,unknown
kolhapuri_005.jpg,kolhapuri,Maharashtra,yes,google/bing,unknown
kolhapuri_006.jpg,kolhapuri,Maharashtra,yes,google/bing,unknown
kolhapuri_007.jpg,kolhapuri,Maharashtra,yes,google/bing,unknown
kolhapuri_008.jpg,kolhapuri,Maharashtra,yes,google/bing,unknown
kolhapuri_009.jpg,kolhapuri,Maharashtra,yes,google/bing,unknown
kolhapuri_010.jpg,kolhapuri,Maharashtra,yes,google/bing,unknown
kolhapuri_011.jpg,kolhapuri,Maharashtra,yes,google/bing,unknown
kolhapuri_012.jpg,kolhapuri,Maharashtra,yes,google/bing,unknown
kolhapuri_013.jpg,kolhapuri,Maharashtra,yes,google/bing,unknown
kolhapuri_014.jpg,kolhapuri,Maharashtra,yes,google/bing,unknown
kolhapuri_015.jpg,kolhapuri,Maharashtra,yes,google/bing,unknown
kolhapuri_016.jpg,kolhapuri,Maharashtra,yes,google/bing,unknown
kolhapuri_017.jpg,kolhapuri,Maharashtra,yes,google/bing,unknown
kolhapuri_018.jpg,kolhapuri,Maharashtra,yes,google/bing,unknown
kolhapuri_019.jpg,kolhapuri,Maharashtra,yes,google/bing,unknown
kolhapuri_020.jpg,kolhapuri,Maharashtra,yes,google/bing,unknown
kolhapuri_021.jpg,kolhapuri,Maharashtra,yes,google/bing,unknown
kolhapuri_022.jpg,kolhapuri,Maharashtra,yes,google/bing,unknown
kolhapuri_023.jpg,kolhapuri,Maharashtra,yes,google/bing,unknown
kolhapuri_024.jpg,kolhapuri,Maharashtra,yes,google/bing,unknown
kolhapuri_025.jpg,kolhapuri,Maharashtra,yes,google/bing,unknown
kolhapuri_026.jpg,kolhapuri,Maharashtra,yes,google/bing,unknown
kolhapuri_027.jpg,kolhapuri,Maharashtra,yes,google/bing,unknown
kolhapuri_028.jpg,kolhapuri,Maharashtra,yes,google/bing,unknown
kolhapuri_029.jpg,kolhapuri,Maharashtra,yes,google/bing,unknown
kolhapuri_030.jpg,kolhapuri,Maharashtra,yes,google/bing,unknown
kolhapuri_031.jpg,kolhapuri,Maharashtra,yes,google/bing,unknown
kolhapuri_032.jpg,kolhapuri,Maharashtra,yes,google/bing,unknown
kolhapuri_033.jpg,kolhapuri,Maharashtra,yes,google/bing,unknown
kolhapuri_034.jpg,kolhapuri,Maharashtra,yes,google/bing,unknown
kolhapuri_035.jpg,kolhapuri,Maharashtra,yes,google/bing,unknown
kolhapuri_036.jpg,kolhapuri,Maharashtra,yes,google/bing,unknown
kolhapuri_037.jpg,kolhapuri,Maharashtra,yes,google/bing,unknown
kolhapuri_038.jpg,kolhapuri,Maharashtra,yes,google/bing,unknown
kolhapuri_039.jpg,kolhapuri,Maharashtra,yes,google/bing,unknown
kolhapuri_040.jpg,kolhapuri,Maharashtra,yes,google/bing,unknown
kolhapuri_041.jpg,kolhapuri,Maharashtra,yes,google/bing,unknown
kolhapuri_042.jpg,kolhapuri,Maharashtra,yes,google/bing,unknown
kolhapuri_043.jpg,kolhapuri,Maharashtra,yes,google/bing,unknown
kolhapuri_044.jpg,kolhapuri,Maharashtra,yes,google/bing,unknown
kolhapuri_045.jpg,kolhapuri,Maharashtra,yes,google/bing,unknown
kolhapuri_046.jpg,kolhapuri,Maharashtra,yes,google/bing,unknown
kolhapuri_047.jpg,kolhapuri,Maharashtra,yes,google/bing,unknown
kolhapuri_048.jpg,kolhapuri,Maharashtra,yes,google/bing,unknown
kolhapuri_049.jpg,kolhapuri,Maharashtra,yes,google/bing,unknown
kolhapuri_050.jpg,kolhapuri,Maharashtra,yes,google/bing,unknown
kolhapuri_051.jpg,kolhapuri,Maharashtra,yes,google/bing,unknown
kolhapuri_052.jpg,kolhapuri,Maharashtra,yes,google/bing,unknown
kolhapuri_053.jpg,kolhapuri,Maharashtra,yes,google/bing,unknown
kolhapuri_054.jpg,kolhapuri,Maharashtra,yes,google/bing,unknown
kolhapuri_055.jpg,kolhapuri,Maharashtra,yes,google/bing,unknown
kolhapuri_056.jpg,kolhapuri,Maharashtra,yes,google/bing,unknown
kolhapuri_057.jpg,kolhapuri,Maharashtra,yes,google/bing,unknown
kolhapuri_058.jpg,kolhapuri,Maharashtra,yes,google/bing,unknown
kolhapuri_059.jpg,kolhapuri,Maharashtra,yes,google/bing,unknown
kolhapuri_060.jpg,kolhapuri,Maharashtra,yes,google/bing,unknown
kolhapuri_061.jpg,kolhapuri,Maharashtra,yes,google/bing,unknown
kolhapuri_062.jpg,kolhapuri,Maharashtra,yes,google/bing,unknown
kolhapuri_063.jpg,kolhapuri,Maharashtra,yes,google/bing,unknown
kolhapuri_064.jpg,kolhapuri,Maharashtra,yes,google/bing,unknown
kolhapuri_065.jpg,kolhapuri,Maharashtra,yes,google/bing,unknown
kolhapuri_066.jpg,kolhapuri,Maharashtra,yes,google/bing,unknown
kolhapuri_067.jpg,kolhapuri,Maharashtra,yes,google/bing,unknown
kolhapuri_068.jpg,kolhapuri,Maharashtra,yes,google/bing,unknown
kolhapuri_069.jpg,kolhapuri,Maharashtra,yes,google/bing,unknown
kolhapuri_070.jpg,kolhapuri,Maharashtra,yes,google/bing,unknown
kolhapuri_071.jpg,kolhapuri,Maharashtra,yes,google/bing,unknown
kolhapuri_072.jpg,kolhapuri,Maharashtra,yes,google/bing,unknown
kolhapuri_073.jpg,kolhapuri,Maharashtra,yes,google/bing,unknown
kolhapuri_074.jpg,kolhapuri,Maharashtra,yes,google/bing,unknown
kolhapuri_075.jpg,kolhapuri,Maharashtra,yes,google/bing,unknown
kolhapuri_076.jpg,kolhapuri,Maharashtra,yes,google/bing,unknown
kolhapuri_077.jpg,kolhapuri,Maharashtra,yes,google/bing,unknown
kolhapuri_078.jpg,kolhapuri,Maharashtra,yes,google/bing,unknown
banarasi_000.jpg,banarasi,Uttar Pradesh,yes,google/bing,unknown
banarasi_001.jpg,banarasi,Uttar Pradesh,yes,google/bing,unknown
banarasi_002.jpg,banarasi,Uttar Pradesh,yes,google/bing,unknown
banarasi_003.jpg,banarasi,Uttar Pradesh,yes,google/bing,unknown
banarasi_004.jpg,banarasi,Uttar Pradesh,yes,google/bing,unknown
banarasi_005.jpg,banarasi,Uttar Pradesh,yes,google/bing,unknown
banarasi_006.jpg,banarasi,Uttar Pradesh,yes,google/bing,unknown
banarasi_007.jpg,banarasi,Uttar Pradesh,yes,google/bing,unknown
banarasi_008.jpg,banarasi,Uttar Pradesh,yes,google/bing,unknown
banarasi_009.jpg,banarasi,Uttar Pradesh,yes,google/bing,unknown
banarasi_010.jpg,banarasi,Uttar Pradesh,yes,google/bing,unknown
banarasi_011.jpg,banarasi,Uttar Pradesh,yes,google/bing,unknown
banarasi_012.jpg,banarasi,Uttar Pradesh,yes,google/bing,unknown
banarasi_013.jpg,banarasi,Uttar Pradesh,yes,google/bing,unknown
banarasi_014.jpg,banarasi,Uttar Pradesh,yes,google/bing,unknown
banarasi_015.jpg,banarasi,Uttar Pradesh,yes,google/bing,unknown
banarasi_016.jpg,banarasi,Uttar Pradesh,yes,google/bing,unknown
banarasi_017.jpg,banarasi,Uttar Pradesh,yes,google/bing,unknown
banarasi_018.jpg,banarasi,Uttar Pradesh,yes,google/bing,unknown
banarasi_019.jpg,banarasi,Uttar Pradesh,yes,google/bing,unknown
banarasi_020.jpg,banarasi,Uttar Pradesh,yes,google/bing,unknown
banarasi_021.jpg,banarasi,Uttar Pradesh,yes,google/bing,unknown
banarasi_022.jpg,banarasi,Uttar Pradesh,yes,google/bing,unknown
banarasi_023.jpg,banarasi,Uttar Pradesh,yes,google/bing,unknown
banarasi_024.jpg,banarasi,Uttar Pradesh,yes,google/bing,unknown
banarasi_025.jpg,banarasi,Uttar Pradesh,yes,google/bing,unknown
banarasi_026.jpg,banarasi,Uttar Pradesh,yes,google/bing,unknown
banarasi_027.jpg,banarasi,Uttar Pradesh,yes,google/bing,unknown
banarasi_028.jpg,banarasi,Uttar Pradesh,yes,google/bing,unknown
banarasi_029.jpg,banarasi,Uttar Pradesh,yes,google/bing,unknown
banarasi_030.jpg,banarasi,Uttar Pradesh,yes,google/bing,unknown
banarasi_031.jpg,banarasi,Uttar Pradesh,yes,google/bing,unknown
banarasi_032.jpg,banarasi,Uttar Pradesh,yes,google/bing,unknown
banarasi_033.jpg,banarasi,Uttar Pradesh,yes,google/bing,unknown
banarasi_034.jpg,banarasi,Uttar Pradesh,yes,google/bing,unknown
banarasi_035.jpg,banarasi,Uttar Pradesh,yes,google/bing,unknown
banarasi_036.jpg,banarasi,Uttar Pradesh,yes,google/bing,unknown
banarasi_037.jpg,banarasi,Uttar Pradesh,yes,google/bing,unknown
banarasi_038.jpg,banarasi,Uttar Pradesh,yes,google/bing,unknown
banarasi_039.jpg,banarasi,Uttar Pradesh,yes,google/bing,unknown
banarasi_040.jpg,banarasi,Uttar Pradesh,yes,google/bing,unknown
banarasi_041.jpg,banarasi,Uttar Pradesh,yes,google/bing,unknown
banarasi_042.jpg,banarasi,Uttar Pradesh,yes,google/bing,unknown
banarasi_043.jpg,banarasi,Uttar Pradesh,yes,google/bing,unknown
banarasi_044.jpg,banarasi,Uttar Pradesh,yes,google/bing,unknown
banarasi_045.jpg,banarasi,Uttar Pradesh,yes,google/bing,unknown
banarasi_046.jpg,banarasi,Uttar Pradesh,yes,google/bing,unknown
banarasi_047.jpg,banarasi,Uttar Pradesh,yes,google/bing,unknown
banarasi_048.jpg,banarasi,Uttar Pradesh,yes,google/bing,unknown
banarasi_049.jpg,banarasi,Uttar Pradesh,yes,google/bing,unknown
banarasi_050.jpg,banarasi,Uttar Pradesh,yes,google/bing,unknown
banarasi_051.jpg,banarasi,Uttar Pradesh,yes,google/bing,unknown
banarasi_052.jpg,banarasi,Uttar Pradesh,yes,google/bing,unknown
banarasi_053.jpg,banarasi,Uttar Pradesh,yes,google/bing,unknown
banarasi_054.jpg,banarasi,Uttar Pradesh,yes,google/bing,unknown
banarasi_055.jpg,banarasi,Uttar Pradesh,yes,google/bing,unknown
banarasi_056.jpg,banarasi,Uttar Pradesh,yes,google/bing,unknown
banarasi_057.jpg,banarasi,Uttar Pradesh,yes,google/bing,unknown
banarasi_058.jpg,banarasi,Uttar Pradesh,yes,google/bing,unknown
banarasi_059.jpg,banarasi,Uttar Pradesh,yes,google/bing,unknown
banarasi_060.jpg,banarasi,Uttar Pradesh,yes,google/bing,unknown
banarasi_061.jpg,banarasi,Uttar Pradesh,yes,google/bing,unknown
banarasi_062.jpg,banarasi,Uttar Pradesh,yes,google/bing,unknown
banarasi_063.jpg,banarasi,Uttar Pradesh,yes,google/bing,unknown
banarasi_064.jpg,banarasi,Uttar Pradesh,yes,google/bing,unknown
banarasi_065.jpg,banarasi,Uttar Pradesh,yes,google/bing,unknown
banarasi_066.jpg,banarasi,Uttar Pradesh,yes,google/bing,unknown
banarasi_067.jpg,banarasi,Uttar Pradesh,yes,google/bing,unknown
banarasi_068.jpg,banarasi,Uttar Pradesh,yes,google/bing,unknown
banarasi_069.jpg,banarasi,Uttar Pradesh,yes,google/bing,unknown
banarasi_070.jpg,banarasi,Uttar Pradesh,yes,google/bing,unknown
banarasi_071.jpg,banarasi,Uttar Pradesh,yes,google/bing,unknown
banarasi_072.jpg,banarasi,Uttar Pradesh,yes,google/bing,unknown
banarasi_073.jpg,banarasi,Uttar Pradesh,yes,google/bing,unknown
banarasi_074.jpg,banarasi,Uttar Pradesh,yes,google/bing,unknown
banarasi_075.jpg,banarasi,Uttar Pradesh,yes,google/bing,unknown
banarasi_076.jpg,banarasi,Uttar Pradesh,yes,google/bing,unknown
banarasi_077.jpg,banarasi,Uttar Pradesh,yes,google/bing,unknown
banarasi_078.jpg,banarasi,Uttar Pradesh,yes,google/bing,unknown
banarasi_079.jpg,banarasi,Uttar Pradesh,yes,google/bing,unknown
banarasi_080.jpg,banarasi,Uttar Pradesh,yes,google/bing,unknown
banarasi_081.jpg,banarasi,Uttar Pradesh,yes,google/bing,unknown
banarasi_082.jpg,banarasi,Uttar Pradesh,yes,google/bing,unknown
kalamkari_000.jpg,kalamkari,Andhra Pradesh,yes,google/bing,unknown
kalamkari_001.jpg,kalamkari,Andhra Pradesh,yes,google/bing,unknown
kalamkari_002.jpg,kalamkari,Andhra Pradesh,yes,google/bing,unknown
kalamkari_003.jpg,kalamkari,Andhra Pradesh,yes,google/bing,unknown
kalamkari_004.jpg,kalamkari,Andhra Pradesh,yes,google/bing,unknown
kalamkari_005.jpg,kalamkari,Andhra Pradesh,yes,google/bing,unknown
kalamkari_006.jpg,kalamkari,Andhra Pradesh,yes,google/bing,unknown
kalamkari_007.jpg,kalamkari,Andhra Pradesh,yes,google/bing,unknown
kalamkari_008.jpg,kalamkari,Andhra Pradesh,yes,google/bing,unknown
kalamkari_009.jpg,kalamkari,Andhra Pradesh,yes,google/bing,unknown
kalamkari_010.jpg,kalamkari,Andhra Pradesh,yes,google/bing,unknown
kalamkari_011.jpg,kalamkari,Andhra Pradesh,yes,google/bing,unknown
kalamkari_012.jpg,kalamkari,Andhra Pradesh,yes,google/bing,unknown
kalamkari_013.jpg,kalamkari,Andhra Pradesh,yes,google/bing,unknown
kalamkari_014.jpg,kalamkari,Andhra Pradesh,yes,google/bing,unknown
kalamkari_015.jpg,kalamkari,Andhra Pradesh,yes,google/bing,unknown
kalamkari_016.jpg,kalamkari,Andhra Pradesh,yes,google/bing,unknown
kalamkari_017.jpg,kalamkari,Andhra Pradesh,yes,google/bing,unknown
kalamkari_018.jpg,kalamkari,Andhra Pradesh,yes,google/bing,unknown
kalamkari_019.jpg,kalamkari,Andhra Pradesh,yes,google/bing,unknown
kalamkari_020.jpg,kalamkari,Andhra Pradesh,yes,google/bing,unknown
kalamkari_021.jpg,kalamkari,Andhra Pradesh,yes,google/bing,unknown
kalamkari_022.jpg,kalamkari,Andhra Pradesh,yes,google/bing,unknown
kalamkari_023.jpg,kalamkari,Andhra Pradesh,yes,google/bing,unknown
kalamkari_024.jpg,kalamkari,Andhra Pradesh,yes,google/bing,unknown
kalamkari_025.jpg,kalamkari,Andhra Pradesh,yes,google/bing,unknown
kalamkari_026.jpg,kalamkari,Andhra Pradesh,yes,google/bing,unknown
kalamkari_027.jpg,kalamkari,Andhra Pradesh,yes,google/bing,unknown
kalamkari_028.jpg,kalamkari,Andhra Pradesh,yes,google/bing,unknown
kalamkari_029.jpg,kalamkari,Andhra Pradesh,yes,google/bing,unknown
kalamkari_030.jpg,kalamkari,Andhra Pradesh,yes,google/bing,unknown
kalamkari_031.jpg,kalamkari,Andhra Pradesh,yes,google/bing,unknown
kalamkari_032.jpg,kalamkari,Andhra Pradesh,yes,google/bing,unknown
kalamkari_033.jpg,kalamkari,Andhra Pradesh,yes,google/bing,unknown
kalamkari_034.jpg,kalamkari,Andhra Pradesh,yes,google/bing,unknown
kalamkari_035.jpg,kalamkari,Andhra Pradesh,yes,google/bing,unknown
kalamkari_036.jpg,kalamkari,Andhra Pradesh,yes,google/bing,unknown
kalamkari_037.jpg,kalamkari,Andhra Pradesh,yes,google/bing,unknown
kalamkari_038.jpg,kalamkari,Andhra Pradesh,yes,google/bing,unknown
kalamkari_039.jpg,kalamkari,Andhra Pradesh,yes,google/bing,unknown
kalamkari_040.jpg,kalamkari,Andhra Pradesh,yes,google/bing,unknown
kalamkari_041.jpg,kalamkari,Andhra Pradesh,yes,google/bing,unknown
kalamkari_042.jpg,kalamkari,Andhra Pradesh,yes,google/bing,unknown
kalamkari_043.jpg,kalamkari,Andhra Pradesh,yes,google/bing,unknown
kalamkari_044.jpg,kalamkari,Andhra Pradesh,yes,google/bing,unknown
kalamkari_045.jpg,kalamkari,Andhra Pradesh,yes,google/bing,unknown
kalamkari_046.jpg,kalamkari,Andhra Pradesh,yes,google/bing,unknown
kalamkari_047.jpg,kalamkari,Andhra Pradesh,yes,google/bing,unknown
kalamkari_048.jpg,kalamkari,Andhra Pradesh,yes,google/bing,unknown
kalamkari_049.jpg,kalamkari,Andhra Pradesh,yes,google/bing,unknown
kalamkari_050.jpg,kalamkari,Andhra Pradesh,yes,google/bing,unknown
kalamkari_051.jpg,kalamkari,Andhra Pradesh,yes,google/bing,unknown
kalamkari_052.jpg,kalamkari,Andhra Pradesh,yes,google/bing,unknown
kalamkari_053.jpg,kalamkari,Andhra Pradesh,yes,google/bing,unknown
kalamkari_054.jpg,kalamkari,Andhra Pradesh,yes,google/bing,unknown
kalamkari_055.jpg,kalamkari,Andhra Pradesh,yes,google/bing,unknown
kalamkari_056.jpg,kalamkari,Andhra Pradesh,yes,google/bing,unknown
kalamkari_057.jpg,kalamkari,Andhra Pradesh,yes,google/bing,unknown
kalamkari_058.jpg,kalamkari,Andhra Pradesh,yes,google/bing,unknown
kalamkari_059.jpg,kalamkari,Andhra Pradesh,yes,google/bing,unknown
kalamkari_060.jpg,kalamkari,Andhra Pradesh,yes,google/bing,unknown
kalamkari_061.jpg,kalamkari,Andhra Pradesh,yes,google/bing,unknown
kalamkari_062.jpg,kalamkari,Andhra Pradesh,yes,google/bing,unknown
kalamkari_063.jpg,kalamkari,Andhra Pradesh,yes,google/bing,unknown
kalamkari_064.jpg,kalamkari,Andhra Pradesh,yes,google/bing,unknown
kalamkari_065.jpg,kalamkari,Andhra Pradesh,yes,google/bing,unknown
kalamkari_066.jpg,kalamkari,Andhra Pradesh,yes,google/bing,unknown
kalamkari_067.jpg,kalamkari,Andhra Pradesh,yes,google/bing,unknown
kalamkari_068.jpg,kalamkari,Andhra Pradesh,yes,google/bing,unknown
kalamkari_069.jpg,kalamkari,Andhra Pradesh,yes,google/bing,unknown
kalamkari_070.jpg,kalamkari,Andhra Pradesh,yes,google/bing,unknown
kalamkari_071.jpg,kalamkari,Andhra Pradesh,yes,google/bing,unknown
kalamkari_072.jpg,kalamkari,Andhra Pradesh,yes,google/bing,unknown
kalamkari_073.jpg,kalamkari,Andhra Pradesh,yes,google/bing,unknown
kalamkari_074.jpg,kalamkari,Andhra Pradesh,yes,google/bing,unknown
kalamkari_075.jpg,kalamkari,Andhra Pradesh,yes,google/bing,unknown
kalamkari_076.jpg,kalamkari,Andhra Pradesh,yes,google/bing,unknown
kalamkari_077.jpg,kalamkari,Andhra Pradesh,yes,google/bing,unknown
ajrakh_000.jpg,ajrakh,Gujarat,yes,google/bing,unknown
ajrakh_001.jpg,ajrakh,Gujarat,yes,google/bing,unknown
ajrakh_002.jpg,ajrakh,Gujarat,yes,google/bing,unknown
ajrakh_003.jpg,ajrakh,Gujarat,yes,google/bing,unknown
ajrakh_004.jpg,ajrakh,Gujarat,yes,google/bing,unknown
ajrakh_005.jpg,ajrakh,Gujarat,yes,google/bing,unknown
ajrakh_006.jpg,ajrakh,Gujarat,yes,google/bing,unknown
ajrakh_007.jpg,ajrakh,Gujarat,yes,google/bing,unknown
ajrakh_008.jpg,ajrakh,Gujarat,yes,google/bing,unknown
ajrakh_009.jpg,ajrakh,Gujarat,yes,google/bing,unknown
ajrakh_010.jpg,ajrakh,Gujarat,yes,google/bing,unknown
ajrakh_011.jpg,ajrakh,Gujarat,yes,google/bing,unknown
ajrakh_012.jpg,ajrakh,Gujarat,yes,google/bing,unknown
ajrakh_013.jpg,ajrakh,Gujarat,yes,google/bing,unknown
ajrakh_014.jpg,ajrakh,Gujarat,yes,google/bing,unknown
ajrakh_015.jpg,ajrakh,Gujarat,yes,google/bing,unknown
ajrakh_016.jpg,ajrakh,Gujarat,yes,google/bing,unknown
ajrakh_017.jpg,ajrakh,Gujarat,yes,google/bing,unknown
ajrakh_018.jpg,ajrakh,Gujarat,yes,google/bing,unknown
ajrakh_019.jpg,ajrakh,Gujarat,yes,google/bing,unknown
ajrakh_020.jpg,ajrakh,Gujarat,yes,google/bing,unknown
ajrakh_021.jpg,ajrakh,Gujarat,yes,google/bing,unknown
ajrakh_022.jpg,ajrakh,Gujarat,yes,google/bing,unknown
ajrakh_023.jpg,ajrakh,Gujarat,yes,google/bing,unknown
ajrakh_024.jpg,ajrakh,Gujarat,yes,google/bing,unknown
ajrakh_025.jpg,ajrakh,Gujarat,yes,google/bing,unknown
ajrakh_026.jpg,ajrakh,Gujarat,yes,google/bing,unknown
ajrakh_027.jpg,ajrakh,Gujarat,yes,google/bing,unknown
ajrakh_028.jpg,ajrakh,Gujarat,yes,google/bing,unknown
ajrakh_029.jpg,ajrakh,Gujarat,yes,google/bing,unknown
ajrakh_030.jpg,ajrakh,Gujarat,yes,google/bing,unknown
ajrakh_031.jpg,ajrakh,Gujarat,yes,google/bing,unknown
ajrakh_032.jpg,ajrakh,Gujarat,yes,google/bing,unknown
ajrakh_033.jpg,ajrakh,Gujarat,yes,google/bing,unknown
ajrakh_034.jpg,ajrakh,Gujarat,yes,google/bing,unknown
ajrakh_035.jpg,ajrakh,Gujarat,yes,google/bing,unknown
ajrakh_036.jpg,ajrakh,Gujarat,yes,google/bing,unknown
ajrakh_037.jpg,ajrakh,Gujarat,yes,google/bing,unknown
ajrakh_038.jpg,ajrakh,Gujarat,yes,google/bing,unknown
ajrakh_039.jpg,ajrakh,Gujarat,yes,google/bing,unknown
ajrakh_040.jpg,ajrakh,Gujarat,yes,google/bing,unknown
ajrakh_041.jpg,ajrakh,Gujarat,yes,google/bing,unknown
ajrakh_042.jpg,ajrakh,Gujarat,yes,google/bing,unknown
ajrakh_043.jpg,ajrakh,Gujarat,yes,google/bing,unknown
ajrakh_044.jpg,ajrakh,Gujarat,yes,google/bing,unknown
ajrakh_045.jpg,ajrakh,Gujarat,yes,google/bing,unknown
ajrakh_046.jpg,ajrakh,Gujarat,yes,google/bing,unknown
ajrakh_047.jpg,ajrakh,Gujarat,yes,google/bing,unknown
ajrakh_048.jpg,ajrakh,Gujarat,yes,google/bing,unknown
ajrakh_049.jpg,ajrakh,Gujarat,yes,google/bing,unknown
ajrakh_050.jpg,ajrakh,Gujarat,yes,google/bing,unknown
ajrakh_051.jpg,ajrakh,Gujarat,yes,google/bing,unknown
ajrakh_052.jpg,ajrakh,Gujarat,yes,google/bing,unknown
ajrakh_053.jpg,ajrakh,Gujarat,yes,google/bing,unknown
ajrakh_054.jpg,ajrakh,Gujarat,yes,google/bing,unknown
ajrakh_055.jpg,ajrakh,Gujarat,yes,google/bing,unknown
ajrakh_056.jpg,ajrakh,Gujarat,yes,google/bing,unknown
ajrakh_057.jpg,ajrakh,Gujarat,yes,google/bing,unknown
ajrakh_058.jpg,ajrakh,Gujarat,yes,google/bing,unknown
ajrakh_059.jpg,ajrakh,Gujarat,yes,google/bing,unknown
ajrakh_060.jpg,ajrakh,Gujarat,yes,google/bing,unknown
ajrakh_061.jpg,ajrakh,Gujarat,yes,google/bing,unknown
ajrakh_062.jpg,ajrakh,Gujarat,yes,google/bing,unknown
ajrakh_063.jpg,ajrakh,Gujarat,yes,google/bing,unknown
ajrakh_064.jpg,ajrakh,Gujarat,yes,google/bing,unknown
ajrakh_065.jpg,ajrakh,Gujarat,yes,google/bing,unknown
ajrakh_066.jpg,ajrakh,Gujarat,yes,google/bing,unknown
ajrakh_067.jpg,ajrakh,Gujarat,yes,google/bing,unknown
ajrakh_068.jpg,ajrakh,Gujarat,yes,google/bing,unknown
ajrakh_069.jpg,ajrakh,Gujarat,yes,google/bing,unknown
ajrakh_070.jpg,ajrakh,Gujarat,yes,google/bing,unknown
ajrakh_071.jpg,ajrakh,Gujarat,yes,google/bing,unknown
ajrakh_072.jpg,ajrakh,Gujarat,yes,google/bing,unknown
ajrakh_073.jpg,ajrakh,Gujarat,yes,google/bing,unknown
ikat_000.jpg,ikat,Odisha,yes,google/bing,unknown
ikat_001.jpg,ikat,Odisha,yes,google/bing,unknown
ikat_002.jpg,ikat,Odisha,yes,google/bing,unknown
ikat_003.jpg,ikat,Odisha,yes,google/bing,unknown
ikat_004.jpg,ikat,Odisha,yes,google/bing,unknown
ikat_005.jpg,ikat,Odisha,yes,google/bing,unknown
ikat_006.jpg,ikat,Odisha,yes,google/bing,unknown
ikat_007.jpg,ikat,Odisha,yes,google/bing,unknown
ikat_008.jpg,ikat,Odisha,yes,google/bing,unknown
ikat_009.jpg,ikat,Odisha,yes,google/bing,unknown
ikat_010.jpg,ikat,Odisha,yes,google/bing,unknown
ikat_011.jpg,ikat,Odisha,yes,google/bing,unknown
ikat_012.jpg,ikat,Odisha,yes,google/bing,unknown
ikat_013.jpg,ikat,Odisha,yes,google/bing,unknown
ikat_014.jpg,ikat,Odisha,yes,google/bing,unknown
ikat_015.jpg,ikat,Odisha,yes,google/bing,unknown
ikat_016.jpg,ikat,Odisha,yes,google/bing,unknown
ikat_017.jpg,ikat,Odisha,yes,google/bing,unknown
ikat_018.jpg,ikat,Odisha,yes,google/bing,unknown
ikat_019.jpg,ikat,Odisha,yes,google/bing,unknown
ikat_020.jpg,ikat,Odisha,yes,google/bing,unknown
ikat_021.jpg,ikat,Odisha,yes,google/bing,unknown
ikat_022.jpg,ikat,Odisha,yes,google/bing,unknown
ikat_023.jpg,ikat,Odisha,yes,google/bing,unknown
ikat_024.jpg,ikat,Odisha,yes,google/bing,unknown
ikat_025.jpg,ikat,Odisha,yes,google/bing,unknown
ikat_026.jpg,ikat,Odisha,yes,google/bing,unknown
ikat_027.jpg,ikat,Odisha,yes,google/bing,unknown
ikat_028.jpg,ikat,Odisha,yes,google/bing,unknown
ikat_029.jpg,ikat,Odisha,yes,google/bing,unknown
ikat_030.jpg,ikat,Odisha,yes,google/bing,unknown
ikat_031.jpg,ikat,Odisha,yes,google/bing,unknown
ikat_032.jpg,ikat,Odisha,yes,google/bing,unknown
ikat_033.jpg,ikat,Odisha,yes,google/bing,unknown
ikat_034.jpg,ikat,Odisha,yes,google/bing,unknown
ikat_035.jpg,ikat,Odisha,yes,google/bing,unknown
ikat_036.jpg,ikat,Odisha,yes,google/bing,unknown
ikat_037.jpg,ikat,Odisha,yes,google/bing,unknown
ikat_038.jpg,ikat,Odisha,yes,google/bing,unknown
ikat_039.jpg,ikat,Odisha,yes,google/bing,unknown
ikat_040.jpg,ikat,Odisha,yes,google/bing,unknown
ikat_041.jpg,ikat,Odisha,yes,google/bing,unknown
ikat_042.jpg,ikat,Odisha,yes,google/bing,unknown
ikat_043.jpg,ikat,Odisha,yes,google/bing,unknown
ikat_044.jpg,ikat,Odisha,yes,google/bing,unknown
ikat_045.jpg,ikat,Odisha,yes,google/bing,unknown
ikat_046.jpg,ikat,Odisha,yes,google/bing,unknown
ikat_047.jpg,ikat,Odisha,yes,google/bing,unknown
ikat_048.jpg,ikat,Odisha,yes,google/bing,unknown
ikat_049.jpg,ikat,Odisha,yes,google/bing,unknown
ikat_050.jpg,ikat,Odisha,yes,google/bing,unknown
ikat_051.jpg,ikat,Odisha,yes,google/bing,unknown
ikat_052.jpg,ikat,Odisha,yes,google/bing,unknown
ikat_053.jpg,ikat,Odisha,yes,google/bing,unknown
ikat_054.jpg,ikat,Odisha,yes,google/bing,unknown
ikat_055.jpg,ikat,Odisha,yes,google/bing,unknown
ikat_056.jpg,ikat,Odisha,yes,google/bing,unknown
ikat_057.jpg,ikat,Odisha,yes,google/bing,unknown
ikat_058.jpg,ikat,Odisha,yes,google/bing,unknown
ikat_059.jpg,ikat,Odisha,yes,google/bing,unknown
ikat_060.jpg,ikat,Odisha,yes,google/bing,unknown
ikat_061.jpg,ikat,Odisha,yes,google/bing,unknown
ikat_062.jpg,ikat,Odisha,yes,google/bing,unknown
ikat_063.jpg,ikat,Odisha,yes,google/bing,unknown
ikat_064.jpg,ikat,Odisha,yes,google/bing,unknown
ikat_065.jpg,ikat,Odisha,yes,google/bing,unknown
ikat_066.jpg,ikat,Odisha,yes,google/bing,unknown
ikat_067.jpg,ikat,Odisha,yes,google/bing,unknown
ikat_068.jpg,ikat,Odisha,yes,google/bing,unknown
ikat_069.jpg,ikat,Odisha,yes,google/bing,unknown
ikat_070.jpg,ikat,Odisha,yes,google/bing,unknown
ikat_071.jpg,ikat,Odisha,yes,google/bing,unknown
ikat_072.jpg,ikat,Odisha,yes,google/bing,unknown
ikat_073.jpg,ikat,Odisha,yes,google/bing,unknown
ikat_074.jpg,ikat,Odisha,yes,google/bing,unknown
ikat_075.jpg,ikat,Odisha,yes,google/bing,unknown
ikat_076.jpg,ikat,Odisha,yes,google/bing,unknown
ikat_077.jpg,ikat,Odisha,yes,google/bing,unknown
ikat_078.jpg,ikat,Odisha,yes,google/bing,unknown
ikat_079.jpg,ikat,Odisha,yes,google/bing,unknown
ikat_080.jpg,ikat,Odisha,yes,google/bing,unknown
ikat_081.jpg,ikat,Odisha,yes,google/bing,unknown
ikat_082.jpg,ikat,Odisha,yes,google/bing,unknown
ikat_083.jpg,ikat,Odisha,yes,google/bing,unknown
ikat_084.jpg,ikat,Odisha,yes,google/bing,unknown
phulkari_000.jpg,phulkari,Punjab,yes,google/bing,unknown
phulkari_001.jpg,phulkari,Punjab,yes,google/bing,unknown
phulkari_002.jpg,phulkari,Punjab,yes,google/bing,unknown
phulkari_003.jpg,phulkari,Punjab,yes,google/bing,unknown
phulkari_004.jpg,phulkari,Punjab,yes,google/bing,unknown
phulkari_005.jpg,phulkari,Punjab,yes,google/bing,unknown
phulkari_006.jpg,phulkari,Punjab,yes,google/bing,unknown
phulkari_007.jpg,phulkari,Punjab,yes,google/bing,unknown
phulkari_008.jpg,phulkari,Punjab,yes,google/bing,unknown
phulkari_009.jpg,phulkari,Punjab,yes,google/bing,unknown
phulkari_010.jpg,phulkari,Punjab,yes,google/bing,unknown
phulkari_011.jpg,phulkari,Punjab,yes,google/bing,unknown
phulkari_012.jpg,phulkari,Punjab,yes,google/bing,unknown
phulkari_013.jpg,phulkari,Punjab,yes,google/bing,unknown
phulkari_014.jpg,phulkari,Punjab,yes,google/bing,unknown
phulkari_015.jpg,phulkari,Punjab,yes,google/bing,unknown
phulkari_016.jpg,phulkari,Punjab,yes,google/bing,unknown
phulkari_017.jpg,phulkari,Punjab,yes,google/bing,unknown
phulkari_018.jpg,phulkari,Punjab,yes,google/bing,unknown
phulkari_019.jpg,phulkari,Punjab,yes,google/bing,unknown
phulkari_020.jpg,phulkari,Punjab,yes,google/bing,unknown
phulkari_021.jpg,phulkari,Punjab,yes,google/bing,unknown
phulkari_022.jpg,phulkari,Punjab,yes,google/bing,unknown
phulkari_023.jpg,phulkari,Punjab,yes,google/bing,unknown
phulkari_024.jpg,phulkari,Punjab,yes,google/bing,unknown
phulkari_025.jpg,phulkari,Punjab,yes,google/bing,unknown
phulkari_026.jpg,phulkari,Punjab,yes,google/bing,unknown
phulkari_027.jpg,phulkari,Punjab,yes,google/bing,unknown
phulkari_028.jpg,phulkari,Punjab,yes,google/bing,unknown
phulkari_029.jpg,phulkari,Punjab,yes,google/bing,unknown
phulkari_030.jpg,phulkari,Punjab,yes,google/bing,unknown
phulkari_031.jpg,phulkari,Punjab,yes,google/bing,unknown
phulkari_032.jpg,phulkari,Punjab,yes,google/bing,unknown
phulkari_033.jpg,phulkari,Punjab,yes,google/bing,unknown
phulkari_034.jpg,phulkari,Punjab,yes,google/bing,unknown
phulkari_035.jpg,phulkari,Punjab,yes,google/bing,unknown
phulkari_036.jpg,phulkari,Punjab,yes,google/bing,unknown
phulkari_037.jpg,phulkari,Punjab,yes,google/bing,unknown
phulkari_038.jpg,phulkari,Punjab,yes,google/bing,unknown
phulkari_039.jpg,phulkari,Punjab,yes,google/bing,unknown
phulkari_040.jpg,phulkari,Punjab,yes,google/bing,unknown
phulkari_041.jpg,phulkari,Punjab,yes,google/bing,unknown
phulkari_042.jpg,phulkari,Punjab,yes,google/bing,unknown
phulkari_043.jpg,phulkari,Punjab,yes,google/bing,unknown
phulkari_044.jpg,phulkari,Punjab,yes,google/bing,unknown
phulkari_045.jpg,phulkari,Punjab,yes,google/bing,unknown
phulkari_046.jpg,phulkari,Punjab,yes,google/bing,unknown
phulkari_047.jpg,phulkari,Punjab,yes,google/bing,unknown
phulkari_048.jpg,phulkari,Punjab,yes,google/bing,unknown
phulkari_049.jpg,phulkari,Punjab,yes,google/bing,unknown
phulkari_050.jpg,phulkari,Punjab,yes,google/bing,unknown
phulkari_051.jpg,phulkari,Punjab,yes,google/bing,unknown
phulkari_052.jpg,phulkari,Punjab,yes,google/bing,unknown
phulkari_053.jpg,phulkari,Punjab,yes,google/bing,unknown
phulkari_054.jpg,phulkari,Punjab,yes,google/bing,unknown
phulkari_055.jpg,phulkari,Punjab,yes,google/bing,unknown
phulkari_056.jpg,phulkari,Punjab,yes,google/bing,unknown
phulkari_057.jpg,phulkari,Punjab,yes,google/bing,unknown
phulkari_058.jpg,phulkari,Punjab,yes,google/bing,unknown
phulkari_059.jpg,phulkari,Punjab,yes,google/bing,unknown
phulkari_060.jpg,phulkari,Punjab,yes,google/bing,unknown
phulkari_061.jpg,phulkari,Punjab,yes,google/bing,unknown
phulkari_062.jpg,phulkari,Punjab,yes,google/bing,unknown
phulkari_063.jpg,phulkari,Punjab,yes,google/bing,unknown
phulkari_064.jpg,phulkari,Punjab,yes,google/bing,unknown
phulkari_065.jpg,phulkari,Punjab,yes,google/bing,unknown
phulkari_066.jpg,phulkari,Punjab,yes,google/bing,unknown
phulkari_067.jpg,phulkari,Punjab,yes,google/bing,unknown
phulkari_068.jpg,phulkari,Punjab,yes,google/bing,unknown
phulkari_069.jpg,phulkari,Punjab,yes,google/bing,unknown
phulkari_070.jpg,phulkari,Punjab,yes,google/bing,unknown
phulkari_071.jpg,phulkari,Punjab,yes,google/bing,unknown
phulkari_072.jpg,phulkari,Punjab,yes,google/bing,unknown
phulkari_073.jpg,phulkari,Punjab,yes,google/bing,unknown
phulkari_074.jpg,phulkari,Punjab,yes,google/bing,unknown
phulkari_075.jpg,phulkari,Punjab,yes,google/bing,unknown
phulkari_076.jpg,phulkari,Punjab,yes,google/bing,unknown
phulkari_077.jpg,phulkari,Punjab,yes,google/bing,unknown
phulkari_078.jpg,phulkari,Punjab,yes,google/bing,unknown
phulkari_079.jpg,phulkari,Punjab,yes,google/bing,unknown
phulkari_080.jpg,phulkari,Punjab,yes,google/bing,unknown
phulkari_081.jpg,phulkari,Punjab,yes,google/bing,unknown
phulkari_082.jpg,phulkari,Punjab,yes,google/bing,unknown
phulkari_083.jpg,phulkari,Punjab,yes,google/bing,unknown
phulkari_084.jpg,phulkari,Punjab,yes,google/bing,unknown
phulkari_085.jpg,phulkari,Punjab,yes,google/bing,unknown
phulkari_086.jpg,phulkari,Punjab,yes,google/bing,unknown
phulkari_087.jpg,phulkari,Punjab,yes,google/bing,unknown
phulkari_088.jpg,phulkari,Punjab,yes,google/bing,unknown
phulkari_089.jpg,phulkari,Punjab,yes,google/bing,unknown
phulkari_090.jpg,phulkari,Punjab,yes,google/bing,unknown
phulkari_091.jpg,phulkari,Punjab,yes,google/bing,unknown
phulkari_092.jpg,phulkari,Punjab,yes,google/bing,unknown
phulkari_093.jpg,phulkari,Punjab,yes,google/bing,unknown
phulkari_094.jpg,phulkari,Punjab,yes,google/bing,unknown
phulkari_095.jpg,phulkari,Punjab,yes,google/bing,unknown
phulkari_096.jpg,phulkari,Punjab,yes,google/bing,unknown
phulkari_097.jpg,phulkari,Punjab,yes,google/bing,unknown
phulkari_098.jpg,phulkari,Punjab,yes,google/bing,unknown
chanderi_000.jpg,chanderi,Madhya Pradesh,yes,google/bing,unknown
chanderi_001.jpg,chanderi,Madhya Pradesh,yes,google/bing,unknown
chanderi_002.jpg,chanderi,Madhya Pradesh,yes,google/bing,unknown
chanderi_003.jpg,chanderi,Madhya Pradesh,yes,google/bing,unknown
chanderi_004.jpg,chanderi,Madhya Pradesh,yes,google/bing,unknown
chanderi_005.jpg,chanderi,Madhya Pradesh,yes,google/bing,unknown
chanderi_006.jpg,chanderi,Madhya Pradesh,yes,google/bing,unknown
chanderi_007.jpg,chanderi,Madhya Pradesh,yes,google/bing,unknown
chanderi_008.jpg,chanderi,Madhya Pradesh,yes,google/bing,unknown
chanderi_009.jpg,chanderi,Madhya Pradesh,yes,google/bing,unknown
chanderi_010.jpg,chanderi,Madhya Pradesh,yes,google/bing,unknown
chanderi_011.jpg,chanderi,Madhya Pradesh,yes,google/bing,unknown
chanderi_012.jpg,chanderi,Madhya Pradesh,yes,google/bing,unknown
chanderi_013.jpg,chanderi,Madhya Pradesh,yes,google/bing,unknown
chanderi_014.jpg,chanderi,Madhya Pradesh,yes,google/bing,unknown
chanderi_015.jpg,chanderi,Madhya Pradesh,yes,google/bing,unknown
chanderi_016.jpg,chanderi,Madhya Pradesh,yes,google/bing,unknown
chanderi_017.jpg,chanderi,Madhya Pradesh,yes,google/bing,unknown
chanderi_018.jpg,chanderi,Madhya Pradesh,yes,google/bing,unknown
chanderi_019.jpg,chanderi,Madhya Pradesh,yes,google/bing,unknown
chanderi_020.jpg,chanderi,Madhya Pradesh,yes,google/bing,unknown
chanderi_021.jpg,chanderi,Madhya Pradesh,yes,google/bing,unknown
chanderi_022.jpg,chanderi,Madhya Pradesh,yes,google/bing,unknown
chanderi_023.jpg,chanderi,Madhya Pradesh,yes,google/bing,unknown
chanderi_024.jpg,chanderi,Madhya Pradesh,yes,google/bing,unknown
chanderi_025.jpg,chanderi,Madhya Pradesh,yes,google/bing,unknown
chanderi_026.jpg,chanderi,Madhya Pradesh,yes,google/bing,unknown
chanderi_027.jpg,chanderi,Madhya Pradesh,yes,google/bing,unknown
chanderi_028.jpg,chanderi,Madhya Pradesh,yes,google/bing,unknown
chanderi_029.jpg,chanderi,Madhya Pradesh,yes,google/bing,unknown
chanderi_030.jpg,chanderi,Madhya Pradesh,yes,google/bing,unknown
chanderi_031.jpg,chanderi,Madhya Pradesh,yes,google/bing,unknown
chanderi_032.jpg,chanderi,Madhya Pradesh,yes,google/bing,unknown
chanderi_033.jpg,chanderi,Madhya Pradesh,yes,google/bing,unknown
chanderi_034.jpg,chanderi,Madhya Pradesh,yes,google/bing,unknown
chanderi_035.jpg,chanderi,Madhya Pradesh,yes,google/bing,unknown
chanderi_036.jpg,chanderi,Madhya Pradesh,yes,google/bing,unknown
chanderi_037.jpg,chanderi,Madhya Pradesh,yes,google/bing,unknown
chanderi_038.jpg,chanderi,Madhya Pradesh,yes,google/bing,unknown
chanderi_039.jpg,chanderi,Madhya Pradesh,yes,google/bing,unknown
chanderi_040.jpg,chanderi,Madhya Pradesh,yes,google/bing,unknown
chanderi_041.jpg,chanderi,Madhya Pradesh,yes,google/bing,unknown
chanderi_042.jpg,chanderi,Madhya Pradesh,yes,google/bing,unknown
chanderi_043.jpg,chanderi,Madhya Pradesh,yes,google/bing,unknown
chanderi_044.jpg,chanderi,Madhya Pradesh,yes,google/bing,unknown
chanderi_045.jpg,chanderi,Madhya Pradesh,yes,google/bing,unknown
chanderi_046.jpg,chanderi,Madhya Pradesh,yes,google/bing,unknown
chanderi_047.jpg,chanderi,Madhya Pradesh,yes,google/bing,unknown
chanderi_048.jpg,chanderi,Madhya Pradesh,yes,google/bing,unknown
chanderi_049.jpg,chanderi,Madhya Pradesh,yes,google/bing,unknown
chanderi_050.jpg,chanderi,Madhya Pradesh,yes,google/bing,unknown
chanderi_051.jpg,chanderi,Madhya Pradesh,yes,google/bing,unknown
chanderi_052.jpg,chanderi,Madhya Pradesh,yes,google/bing,unknown
chanderi_053.jpg,chanderi,Madhya Pradesh,yes,google/bing,unknown
chanderi_054.jpg,chanderi,Madhya Pradesh,yes,google/bing,unknown
chanderi_055.jpg,chanderi,Madhya Pradesh,yes,google/bing,unknown
chanderi_056.jpg,chanderi,Madhya Pradesh,yes,google/bing,unknown
chanderi_057.jpg,chanderi,Madhya Pradesh,yes,google/bing,unknown
chanderi_058.jpg,chanderi,Madhya Pradesh,yes,google/bing,unknown
chanderi_059.jpg,chanderi,Madhya Pradesh,yes,google/bing,unknown
chanderi_060.jpg,chanderi,Madhya Pradesh,yes,google/bing,unknown
chanderi_061.jpg,chanderi,Madhya Pradesh,yes,google/bing,unknown
chanderi_062.jpg,chanderi,Madhya Pradesh,yes,google/bing,unknown
chanderi_063.jpg,chanderi,Madhya Pradesh,yes,google/bing,unknown
chanderi_064.jpg,chanderi,Madhya Pradesh,yes,google/bing,unknown
chanderi_065.jpg,chanderi,Madhya Pradesh,yes,google/bing,unknown
chanderi_066.jpg,chanderi,Madhya Pradesh,yes,google/bing,unknown
chanderi_067.jpg,chanderi,Madhya Pradesh,yes,google/bing,unknown
chanderi_068.jpg,chanderi,Madhya Pradesh,yes,google/bing,unknown
chanderi_069.jpg,chanderi,Madhya Pradesh,yes,google/bing,unknown
chanderi_070.jpg,chanderi,Madhya Pradesh,yes,google/bing,unknown
chanderi_071.jpg,chanderi,Madhya Pradesh,yes,google/bing,unknown
chanderi_072.jpg,chanderi,Madhya Pradesh,yes,google/bing,unknown
chanderi_073.jpg,chanderi,Madhya Pradesh,yes,google/bing,unknown
chanderi_074.jpg,chanderi,Madhya Pradesh,yes,google/bing,unknown
chanderi_075.jpg,chanderi,Madhya Pradesh,yes,google/bing,unknown
chanderi_076.jpg,chanderi,Madhya Pradesh,yes,google/bing,unknown
chanderi_077.jpg,chanderi,Madhya Pradesh,yes,google/bing,unknown
chanderi_078.jpg,chanderi,Madhya Pradesh,yes,google/bing,unknown
chanderi_079.jpg,chanderi,Madhya Pradesh,yes,google/bing,unknown
chanderi_080.jpg,chanderi,Madhya Pradesh,yes,google/bing,unknown
chanderi_081.jpg,chanderi,Madhya Pradesh,yes,google/bing,unknown
chanderi_082.jpg,chanderi,Madhya Pradesh,yes,google/bing,unknown
chanderi_083.jpg,chanderi,Madhya Pradesh,yes,google/bing,unknown
chanderi_084.jpg,chanderi,Madhya Pradesh,yes,google/bing,unknown
chanderi_085.jpg,chanderi,Madhya Pradesh,yes,google/bing,unknown
leheriya_000.jpg,leheriya,Rajasthan,no,google/bing,unknown
leheriya_001.jpg,leheriya,Rajasthan,no,google/bing,unknown
leheriya_002.jpg,leheriya,Rajasthan,no,google/bing,unknown
leheriya_003.jpg,leheriya,Rajasthan,no,google/bing,unknown
leheriya_004.jpg,leheriya,Rajasthan,no,google/bing,unknown
leheriya_005.jpg,leheriya,Rajasthan,no,google/bing,unknown
leheriya_006.jpg,leheriya,Rajasthan,no,google/bing,unknown
leheriya_007.jpg,leheriya,Rajasthan,no,google/bing,unknown
leheriya_008.jpg,leheriya,Rajasthan,no,google/bing,unknown
leheriya_009.jpg,leheriya,Rajasthan,no,google/bing,unknown
leheriya_010.jpg,leheriya,Rajasthan,no,google/bing,unknown
leheriya_011.jpg,leheriya,Rajasthan,no,google/bing,unknown
leheriya_012.jpg,leheriya,Rajasthan,no,google/bing,unknown
leheriya_013.jpg,leheriya,Rajasthan,no,google/bing,unknown
leheriya_014.jpg,leheriya,Rajasthan,no,google/bing,unknown
leheriya_015.jpg,leheriya,Rajasthan,no,google/bing,unknown
leheriya_016.jpg,leheriya,Rajasthan,no,google/bing,unknown
leheriya_017.jpg,leheriya,Rajasthan,no,google/bing,unknown
leheriya_018.jpg,leheriya,Rajasthan,no,google/bing,unknown
leheriya_019.jpg,leheriya,Rajasthan,no,google/bing,unknown
leheriya_020.jpg,leheriya,Rajasthan,no,google/bing,unknown
leheriya_021.jpg,leheriya,Rajasthan,no,google/bing,unknown
leheriya_022.jpg,leheriya,Rajasthan,no,google/bing,unknown
leheriya_023.jpg,leheriya,Rajasthan,no,google/bing,unknown
leheriya_024.jpg,leheriya,Rajasthan,no,google/bing,unknown
leheriya_025.jpg,leheriya,Rajasthan,no,google/bing,unknown
leheriya_026.jpg,leheriya,Rajasthan,no,google/bing,unknown
leheriya_027.jpg,leheriya,Rajasthan,no,google/bing,unknown
leheriya_028.jpg,leheriya,Rajasthan,no,google/bing,unknown
leheriya_029.jpg,leheriya,Rajasthan,no,google/bing,unknown
leheriya_030.jpg,leheriya,Rajasthan,no,google/bing,unknown
leheriya_031.jpg,leheriya,Rajasthan,no,google/bing,unknown
leheriya_032.jpg,leheriya,Rajasthan,no,google/bing,unknown
leheriya_033.jpg,leheriya,Rajasthan,no,google/bing,unknown
leheriya_034.jpg,leheriya,Rajasthan,no,google/bing,unknown
leheriya_035.jpg,leheriya,Rajasthan,no,google/bing,unknown
leheriya_036.jpg,leheriya,Rajasthan,no,google/bing,unknown
leheriya_037.jpg,leheriya,Rajasthan,no,google/bing,unknown
leheriya_038.jpg,leheriya,Rajasthan,no,google/bing,unknown
leheriya_039.jpg,leheriya,Rajasthan,no,google/bing,unknown
leheriya_040.jpg,leheriya,Rajasthan,no,google/bing,unknown
leheriya_041.jpg,leheriya,Rajasthan,no,google/bing,unknown
leheriya_042.jpg,leheriya,Rajasthan,no,google/bing,unknown
leheriya_043.jpg,leheriya,Rajasthan,no,google/bing,unknown
leheriya_044.jpg,leheriya,Rajasthan,no,google/bing,unknown
leheriya_045.jpg,leheriya,Rajasthan,no,google/bing,unknown
leheriya_046.jpg,leheriya,Rajasthan,no,google/bing,unknown
leheriya_047.jpg,leheriya,Rajasthan,no,google/bing,unknown
leheriya_048.jpg,leheriya,Rajasthan,no,google/bing,unknown
leheriya_049.jpg,leheriya,Rajasthan,no,google/bing,unknown
leheriya_050.jpg,leheriya,Rajasthan,no,google/bing,unknown
leheriya_051.jpg,leheriya,Rajasthan,no,google/bing,unknown
leheriya_052.jpg,leheriya,Rajasthan,no,google/bing,unknown
leheriya_053.jpg,leheriya,Rajasthan,no,google/bing,unknown
leheriya_054.jpg,leheriya,Rajasthan,no,google/bing,unknown
leheriya_055.jpg,leheriya,Rajasthan,no,google/bing,unknown
leheriya_056.jpg,leheriya,Rajasthan,no,google/bing,unknown
leheriya_057.jpg,leheriya,Rajasthan,no,google/bing,unknown
leheriya_058.jpg,leheriya,Rajasthan,no,google/bing,unknown
leheriya_059.jpg,leheriya,Rajasthan,no,google/bing,unknown
leheriya_060.jpg,leheriya,Rajasthan,no,google/bing,unknown
leheriya_061.jpg,leheriya,Rajasthan,no,google/bing,unknown
leheriya_062.jpg,leheriya,Rajasthan,no,google/bing,unknown
leheriya_063.jpg,leheriya,Rajasthan,no,google/bing,unknown
leheriya_064.jpg,leheriya,Rajasthan,no,google/bing,unknown
leheriya_065.jpg,leheriya,Rajasthan,no,google/bing,unknown
leheriya_066.jpg,leheriya,Rajasthan,no,google/bing,unknown
leheriya_067.jpg,leheriya,Rajasthan,no,google/bing,unknown
leheriya_068.jpg,leheriya,Rajasthan,no,google/bing,unknown
leheriya_069.jpg,leheriya,Rajasthan,no,google/bing,unknown
leheriya_070.jpg,leheriya,Rajasthan,no,google/bing,unknown
